,title,Running_time,Budget,Box_office,Release_date,imdb,metascore,rotten_tomatoes,Main_actor,Second_actor,Director
2,Pinocchio,88.0,2600000.0,164000000.0,1940-02-07,7.4,99.0,73%,Cliff Edwards,Dickie Jones,Ben Sharpsteen
3,Fantasia,126.0,2280000.0,83300000.0,1940-11-13,7.7,96.0,95%,Leopold Stokowski,Deems Taylor,Samuel Armstrong
5,Dumbo,64.0,950000.0,1300000.0,1941-10-23,7.2,96.0,98%,Edward Brophy,Herman Bing,Ben Sharpsteen
6,Bambi,70.0,858000.0,267400000.0,1942-08-09,7.3,91.0,90%,see below,missing,Supervising director
10,Make Mine Music,75.0,1350000.0,3275000.0,1946-04-20,6.3,60.0,70%,Nelson Eddy,missing,Jack Kinney
11,Song of the South,94.0,2125000.0,65000000.0,1946-11-12,7.1,54.0,50%,James Baskett,Bobby Driscoll,Live action:
13,Melody Time,75.0,1500000.0,2560000.0,1948-05-27,6.3,69.0,80%,Roy Rogers,Trigger,Jack Kinney
16,Cinderella,74.0,2900000.0,263600000.00000003,1950-02-15,6.9,67.0,83%,Ilene Woods,Eleanor Audley,Clyde Geronimi
18,Alice in Wonderland,75.0,3000000.0,5600000.0,1951-07-26,6.4,53.0,51%,Kathryn Beaumont,Ed Wynn,Clyde Geronimi
20,Peter Pan,77.0,4000000.0,87400000.0,1953-02-05,7.3,76.0,81%,Bobby Driscoll,Kathryn Beaumont,Clyde Geronimi
22,The Living Desert,69.0,300000.0,2600000.0,1953-11-10,7.5,69.0,74%,missing,missing,James Algar
25,"20,000 Leagues Under the Sea",127.0,5000000.0,28200000.0,1954-12-23,7.2,83.0,89%,Kirk Douglas,James Mason,Richard Fleischer
27,Lady and the Tramp,76.0,4000000.0,187000000.0,1955-06-22,7.3,78.0,93%,Barbara Luddy,Larry Roberts,Clyde Geronimi
40,Sleeping Beauty,75.0,6000000.0,51600000.0,1959-01-29,7.2,85.0,89%,Mary Costa,Bill Shirley,Clyde Geronimi (supervising)
41,The Shaggy Dog,104.0,1000000.0,12300000.0,1959-03-19,4.4,43.0,26%,Fred MacMurray,Jean Hagen,Charles Barton
49,Swiss Family Robinson,126.0,4000000.0,40000000.0,1960-12-21,7.2,61.0,82%,John Mills,Dorothy McGuire,Ken Annakin
50,One Hundred and One Dalmatians,79.0,3600000.0,303000000.0,1961-01-25,7.3,83.0,98%,Rod Taylor,Cate Bauer,Clyde Geronimi
55,Babes in Toyland,105.0,3000000.0,4600000.0,1961-12-14,6.3,55.0,36%,Ray Bolger,Tommy Sands,Jack Donohue
67,The Sword in the Stone,79.0,3000000.0,22200000.0,1963-12-25,7.2,61.0,66%,Rickie Sorensen,Karl Swenson,Wolfgang Reitherman
72,Mary Poppins,139.0,4.4,103100000.0,1964-08-27,7.8,88.0,100%,Julie Andrews,Dick Van Dyke,Robert Stevenson
84,The Jungle Book,78.0,4000000.0,378000000.0,1967-10-18,7.4,77.0,94%,Phil Harris,Sebastian Cabot,Wolfgang Reitherman
91,The Love Bug,108.0,5000000.0,51264000.0,1968-12-24,6.5,48.0,76%,Dean Jones,Michele Lee,Robert Stevenson
98,The Aristocats,79.0,4000000.0,191000000.0,1970-12-11,7.1,66.0,64%,Phil Harris,Eva Gabor,Wolfgang Reitherman
102,Bedknobs and Broomsticks,118.0,6300000.0,17900000.0,1971-10-07,7.1,59.0,66%,Angela Lansbury,David Tomlinson,Robert Stevenson
111,Robin Hood,83.0,5000000.0,32000000.0,1973-11-08,6.6,53.0,43%,Roger Miller,Peter Ustinov,Wolfgang Reitherman
127,Freaky Friday,95.0,5000000.0,36000000.0,1976-12-20,6.2,70.0,88%,Jodie Foster,Barbara Harris,Gary Nelson
131,The Rescuers,77.0,7500000.0,169000000.0,1977-06-22,6.9,74.0,81%,Bob Newhart,Eva Gabor,Wolfgang Reitherman
133,Pete's Dragon,128.0,10000000.0,36.0,1977-11-03,6.7,71.0,88%,Helen Reddy,Jim Dale,Don Chaffey
141,The Black Hole,98.0,20000000.0,35800000.0,1979-12-18,6.0,52.0,38%,Maximilian Schell,Anthony Perkins,Gary Nelson
147,Popeye,114.0,20000000.0,60000000.0,1980-12-06,5.3,64.0,61%,Robin Williams,Shelley Duvall,Robert Altman
150,Dragonslayer,109.0,18000000.0,14100000.0,1981-06-26,6.7,68.0,84%,Peter MacNicol,Caitlin Clarke,Matthew Robbins
151,The Fox and the Hound,83.0,12000000.0,63500000.0,1981-07-10,7.3,65.0,70%,Mickey Rooney,Kurt Russell,Ted Berman
155,Tex,103.0,5000000.0,7400000.0,1982-07-30,6.5,78.0,85%,Matt Dillon,Jim Metzler,Tim Hunter
159,Return to Oz,113.0,28000000.0,11100000.0,1985-06-21,6.7,42.0,53%,Nicol Williamson,Jean Marsh,Walter Murch
160,The Black Cauldron,80.0,44000000.0,21300000.0,1985-07-26,6.4,59.0,53%,Grant Bardsley,Susan Sheridan,Ted Berman
163,The Great Mouse Detective,74.0,14000000.0,38700000.0,1986-07-02,7.2,73.0,80%,Vincent Price,Barrie Ingham,John Musker
164,Flight of the Navigator,90.0,9000000.0,18564613.0,1986-08-01,6.9,64.0,84%,Joey Cramer,missing,Randal Kleiser
167,Oliver & Company,74.0,31000000.0,121000000.0,1988-11-18,6.7,58.0,50%,Joey Lawrence,Billy Joel,George Scribner
168,"Honey, I Shrunk the Kids",93.0,18000000.0,222700000.0,1989-06-23,6.4,63.0,77%,Rick Moranis,Matt Frewer,Joe Johnston
173,White Fang,107.0,14000000.0,34800000.0,1991-01-18,6.7,62.0,65%,Klaus Maria Brandauer,Ethan Hawke,Randal Kleiser
176,The Rocketeer,108.0,35000000.0,46700000.0,1991-06-21,6.5,61.0,66%,Bill Campbell,Alan Arkin,Joe Johnston
177,Beauty and the Beast,84.0,25000000.0,440100000.0,1991-09-29,8.0,95.0,94%,Paige OHara,Robby Benson,Gary Trousdale
178,Newsies,121.0,15000000.0,2800000.0,1992-04-10,7.0,46.0,39%,Christian Bale,Gabriel Damon,Kenny Ortega
179,"Honey, I Blew Up the Kid",89.0,40000000.0,58700000.0,1992-07-17,4.9,50.0,40%,Rick Moranis,Marcia Strassman,Randal Kleiser
180,The Mighty Ducks,104.0,14000000.0,50800000.0,1992-10-02,6.5,46.0,23%,Emilio Estevez,Joss Ackland,Stephen Herek
181,Aladdin,90.0,28000000.0,504100000.0,1992-11-25,8.0,86.0,95%,Scott Weinger,Robin Williams,John Musker
182,The Muppet Christmas Carol,86.0,12000000.0,27200000.0,1992-12-11,7.7,64.0,76%,Kermit the Frog,Miss Piggy,Brian Henson
187,Cool Runnings,98.0,17000000.0,154900000.0,1993-10-01,7.0,60.0,76%,Leon Robinson,Doug E. Doug,Jon Turteltaub
188,The Three Musketeers,105.0,30000000.0,53900000.0,1993-11-12,5.7,35.0,26%,Charlie Sheen,Kiefer Sutherland,Stephen Herek
190,Blank Check,94.0,13000000.0,30600000.0,1994-02-11,5.3,42.0,9%,Brian Bonsall,Karen Duffy,Rupert Wainwright
193,The Lion King,88.0,45000000.0,968500000.0,1994-06-15,8.5,88.0,93%,Jonathan Taylor Thomas,Matthew Broderick,Roger Allers
194,Angels in the Outfield,102.0,31000000.0,50200000.0,1994-07-15,6.2,44.0,33%,Danny Glover,Tony Danza,William Dear
196,The Santa Clause,97.0,22000000.0,189800000.0,1994-11-11,6.5,57.0,72%,Tim Allen,Wendy Crewson,John Pasquin
199,Man of the House,96.0,22000000.0,40070995.0,1995-03-03,5.4,35.0,9%,Chevy Chase,Farrah Fawcett,James Orr
202,Pocahontas,81.0,55000000.0,346100000.0,1995-06-23,6.7,58.0,55%,Irene Bedard,Mel Gibson,Mike Gabriel
203,Operation Dumbo Drop,108.0,24000000.0,24670346.0,1995-07-28,5.1,48.0,31%,Danny Glover,Ray Liotta,Simon Wincer
204,A Kid in King Arthur's Court,89.0,15000000.0,13400000.0,1995-08-11,4.7,34.0,5%,Thomas Ian Nicholas,Joss Ackland,Michael Gottlieb
207,Toy Story,81.0,30000000.0,373000000.0,1995-11-19,8.3,95.0,100%,Tom Hanks,Tim Allen,John Lasseter
209,Muppet Treasure Island,100.0,31000000.0,34300000.0,1996-02-16,7.0,64.0,70%,Tim Curry,Dave Goelz,Brian Henson
211,James and the Giant Peach,79.0,38000000.0,28900000.0,1996-04-12,6.7,78.0,91%,Paul Terry,Simon Callow,Henry Selick
212,The Hunchback of Notre Dame,91.0,100000000.0,325300000.0,1996-06-21,6.9,74.0,71%,Tom Hulce,Demi Moore,Gary Trousdale
213,First Kid,101.0,15000000.0,26491793.0,1996-08-30,5.3,48.0,20%,Sinbad,Robert Guillaume,David M. Evans
215,101 Dalmatians,103.0,75000000.0,320700000.0,1996-11-27,5.7,49.0,41%,Glenn Close,Jeff Daniels,Stephen Herek
217,Jungle 2 Jungle,105.0,32000000.0,59900000.0,1997-03-07,5.2,42.0,19%,Tim Allen,Martin Short,John Pasquin
218,Hercules,93.0,85000000.0,252700000.0,1997-06-13,7.3,74.0,84%,Tate Donovan,Danny DeVito,Ron Clements
219,George of the Jungle,92.0,55000000.0,174400000.0,1997-07-16,5.5,53.0,56%,Brendan Fraser,Leslie Mann,Sam Weisman
222,Flubber,93.0,80000000.0,178000000.0,1997-11-16,5.3,37.0,24%,Robin Williams,Marcia Gay Harden,Les Mayfield
223,Mr. Magoo,87.0,30000000.0,28900000.0,1997-12-25,4.0,18.0,7%,Leslie Nielsen,Kelly Lynch,Stanley Tong
225,Mulan,87.0,90000000.0,304300000.0,1998-06-19,7.6,71.0,86%,Ming-Na Wen,Eddie Murphy,Barry Cook
226,The Parent Trap,128.0,15000000.0,92100000.0,1998-07-29,6.5,64.0,86%,Lindsay Lohan,Dennis Quaid,Nancy Meyers
228,A Bug's Life,95.0,120000000.0,363300000.0,1998-11-20,7.2,77.0,92%,Dave Foley,Kevin Spacey,John Lasseter
229,Mighty Joe Young,114.0,90000000.0,50600000.0,1998-12-25,5.6,51.0,54%,Bill Paxton,Charlize Theron,Ron Underwood
230,My Favorite Martian,93.0,65000000.0,36800000.0,1999-02-12,5.1,33.0,12%,Jeff Daniels,Christopher Lloyd,Donald Petrie
233,Tarzan,88.0,130000000.0,448200000.0,1999-06-12,7.3,79.0,89%,Tony Goldwyn,Minnie Driver,Kevin Lima
234,Inspector Gadget,78.0,90000000.0,134400000.0,1999-07-23,4.2,36.0,21%,Matthew Broderick,Rupert Everett,David Kellogg
235,The Straight Story,112.0,10000000.0,6200000.0,missing,8.0,86.0,95%,Richard Farnsworth,Sissy Spacek,David Lynch
236,Toy Story 2,92.0,90000000.0,497400000.0,1999-11-13,7.9,88.0,100%,Tom Hanks,Tim Allen,John Lasseter
237,Fantasia 2000,74.0,85000000.0,90900000.0,1999-12-16,7.2,59.0,81%,James Levine,Steve Martin,Don Hahn
238,The Tigger Movie,77.0,15000000.0,96200000.0,2000-02-11,6.3,53.0,62%,Jim Cummings,Nikita Hopkins,Jun Falkenstein
239,Dinosaur,82.0,127500000.0,349800000.0,2000-05-19,6.5,56.0,64%,D. B. Sweeney,Alfre Woodard,Ralph Zondag
241,Remember The Titans,113.0,30000000.0,136700000.0,2000-09-29,7.8,48.0,73%,Denzel Washington,Will Patton,Boaz Yakin
242,102 Dalmatians,100.0,85000000.0,183600000.0,2000-11-22,4.9,35.0,31%,Glenn Close,Ioan Gruffudd,Kevin Lima
243,The Emperor's New Groove,78.0,100000000.0,169300000.0,2000-12-15,7.4,70.0,85%,David Spade,John Goodman,Mark Dindal
244,Recess: School's Out,83.0,23000000.0,44500000.0,2001-02-10,6.6,43.0,60%,Andrew Lawrence,Rickey DShon Collins,Chuck Sheetz
245,Atlantis: The Lost Empire,96.0,90.0,186100000.0,2001-06-03,6.9,52.0,49%,Michael J. Fox,James Garner,Gary Trousdale
246,The Princess Diaries,115.0,26000000.0,165300000.0,2001-08-03,6.3,52.0,48%,Anne Hathaway,Héctor Elizondo,Garry Marshall
247,Max Keeble's Big Move,86.0,25000000.0,18600000.0,2001-10-05,5.4,40.0,29%,Alex D. Linz,Larry Miller,Tim Hill
248,"Monsters, Inc.",92.0,115000000.0,577400000.0,2001-10-28,8.1,79.0,96%,John Goodman,Billy Crystal,Pete Docter
249,Snow Dogs,99.0,33000000.0,115000000.0,2002-01-18,5.2,29.0,25%,Cuba Gooding Jr.,James Coburn,Brian Levant
250,Return to Never Land,73.0,20000000.0,115100000.0,2002-02-10,5.8,49.0,46%,Blayne Weaver,Harriet Owen,Robin Budd
251,The Rookie,128.0,22000000.0,80700000.0,2002-03-29,6.9,72.0,84%,Dennis Quaid,Rachel Griffiths,John Lee Hancock
252,Lilo & Stitch,85.0,80000000.0,273100000.0,2002-06-21,7.2,73.0,86%,Chris Sanders,Daveigh Chase,Chris Sanders
253,The Country Bears,88.0,35000000.0,18000000.0,2002-07-21,4.1,37.0,31%,Christopher Walken,Daryl Chill Mitchell,Peter Hastings
255,Tuck Everlasting,96.0,15000000.0,19300000.0,2002-10-11,6.6,66.0,60%,Alexis Bledel,Ben Kingsley,Jay Russell
256,The Santa Clause 2,104.0,65000000.0,172900000.0,2002-11-01,5.6,48.0,56%,Tim Allen,Judge Reinhold,Michael Lembeck
257,Treasure Planet,95.0,140000000.0,109600000.0,2002-11-27,7.2,60.0,69%,Joseph Gordon-Levitt,Brian Murray,Ron Clements
258,The Jungle Book 2,72.0,20000000.0,135700000.0,2003-02-14,5.4,38.0,18%,Haley Joel Osment,John Goodman,Steve Trenbirth
259,Piglet's Big Movie,75.0,46000000.0,62900000.0,2003-03-16,6.2,62.0,70%,John Fiedler,Jim Cummings,Francis Glebas
260,Ghosts of the Abyss,61.0,13000000.0,28700000.0,2003-03-31,6.8,67.0,80%,Bill Paxton,James Cameron,James Cameron
261,Holes,117.0,20000000.0,71400000.0,2003-04-18,7.0,71.0,78%,Sigourney Weaver,Jon Voight,Andrew Davis
262,The Lizzie McGuire Movie,94.0,17000000.0,55500000.0,2003-05-02,5.5,56.0,41%,Hilary Duff,Adam Lamberg,Jim Fall
263,Finding Nemo,100.0,94000000.0,940300000.0,2003-05-30,8.1,90.0,99%,Albert Brooks,Ellen DeGeneres,Andrew Stanton
264,Pirates of the Caribbean: The Curse of the Black Pearl,143.0,140000000.0,654300000.0,2003-06-28,8.0,63.0,79%,Johnny Depp,Geoffrey Rush,Gore Verbinski
265,Freaky Friday,97.0,26000000.0,160800000.0,2003-08-04,6.2,70.0,88%,Jamie Lee Curtis,Lindsay Lohan,Mark Waters
266,Brother Bear,85.0,46000000.0,250400000.0,2003-11-01,6.8,48.0,37%,Joaquin Phoenix,Jeremy Suarez,Aaron Blaise
267,The Haunted Mansion,86.0,90000000.0,182300000.0,2003-11-26,5.0,34.0,14%,Eddie Murphy,Terence Stamp,Rob Minkoff
270,Miracle,136.0,28000000.0,64500000.0,2004-02-06,7.5,68.0,81%,Kurt Russell,Patricia Clarkson,Gavin OConnor
271,Confessions of a Teenage Drama Queen,89.0,15000000.0,33100000.0,2004-02-20,4.7,33.0,14%,Lindsay Lohan,Adam Garcia,Sara Sugarman
272,Home on the Range,76.0,110000000.0,145500000.0,2004-04-02,5.4,50.0,53%,Roseanne Barr,Judi Dench,Will Finn
274,Around the World in 80 Days,120.0,110000000.0,72200000.0,2004-06-13,5.9,49.0,32%,Jackie Chan,Steve Coogan,Frank Coraci
276,The Princess Diaries 2: Royal Engagement,113.0,45000000.0,134700000.0,2004-08-11,5.8,43.0,26%,Anne Hathaway,Heather Matarazzo,Garry Marshall
278,National Treasure,131.0,100000000.0,347500000.0,2004-11-19,6.9,39.0,46%,Nicolas Cage,Harvey Keitel,Jon Turteltaub
280,Pooh's Heffalump Movie,68.0,20000000.0,52900000.0,2005-02-11,6.4,64.0,80%,Jim Cummings,John Fiedler,Frank Nissen
281,The Pacifier,95.0,56000000.0,198600000.0,2005-03-04,5.6,30.0,21%,Vin Diesel,Lauren Graham,Adam Shankman
282,Ice Princess,97.0,25000000.0,27600000.0,2005-03-18,6.0,55.0,52%,Joan Cusack,Kim Cattrall,Tim Fywell
283,Herbie: Fully Loaded,101.0,50000000.0,144100000.0,2005-06-22,4.8,47.0,40%,Lindsay Lohan,Justin Long,Angela Robinson
285,Sky High,100.0,35000000.0,86400000.0,2005-07-29,6.2,62.0,73%,Kelly Preston,Michael Angarano,Mike Mitchell
286,Valiant,76.0,35000000.0,61700000.0,2005-03-25,5.5,45.0,32%,Ewan McGregor,Ricky Gervais,Gary Chapman
287,The Greatest Game Ever Played,120.0,25000000.0,15400000.0,2005-09-30,7.4,55.0,63%,Shia LaBeouf,Stephen Dillane,Bill Paxton
288,Chicken Little,81.0,150000000.0,314400000.0,2005-10-30,5.7,48.0,37%,Zach Braff,Joan Cusack,Mark Dindal
289,"The Chronicles of Narnia: The Lion, the Witch and the Wardrobe",143.0,180000000.0,745000000.0,2005-12-07,6.9,75.0,76%,William Moseley,Anna Popplewell,Andrew Adamson
290,Glory Road,106.0,30000000.0,42900000.0,2006-01-13,7.2,58.0,100%,Josh Lucas,Derek Luke,James Gartner
292,Eight Below,120.0,40000000.0,120500000.0,2006-02-17,7.3,64.0,72%,Paul Walker,Bruce Greenwood,Frank Marshall
293,The Shaggy Dog,99.0,50000000.0,87100000.0,2006-03-10,4.4,43.0,26%,Tim Allen,Robert Downey Jr.,Brian Robbins
294,The Wild,82.0,80000000.0,102300000.0,2006-04-14,5.3,47.0,50%,Kiefer Sutherland,Jim Belushi,Steve Spaz Williams
295,Cars,117.0,120000000.0,462000000.0,2006-05-26,7.1,73.0,74%,Owen Wilson,Paul Newman,John Lasseter
296,Pirates of the Caribbean: Dead Man's Chest,151.0,225000000.0,1066000000.0,2006-06-24,7.3,53.0,53%,Johnny Depp,Orlando Bloom,Gore Verbinski
297,Invincible,104.0,30000000.0,58500000.0,2006-08-25,7.1,63.0,72%,Mark Wahlberg,Greg Kinnear,Ericson Core
298,The Nightmare Before Christmas,76.0,26000000.0,91500000.0,1993-10-29,8.0,82.0,95%,Danny Elfman,Chris Sarandon,Henry Selick
299,The Santa Clause 3: The Escape Clause,92.0,12000000.0,110800000.0,2006-11-03,4.8,32.0,17%,Tim Allen,Elizabeth Mitchell,Michael Lembeck
300,Bridge to Terabithia,95.0,20.0,138000000.0,2007-02-16,7.1,74.0,85%,Josh Hutcherson,AnnaSophia Robb,Gábor Csupó
301,Meet the Robinsons,94.0,150000000.0,169300000.0,2007-03-23,6.8,61.0,67%,Daniel Hansen,Jordan Fry,Stephen Anderson
302,Pirates of the Caribbean: At World's End,168.0,300000000.0,961000000.0,2007-05-19,7.1,50.0,44%,Johnny Depp,Orlando Bloom,Gore Verbinski
303,Ratatouille,111.0,150000000.0,620700000.0,2007-06-22,8.0,96.0,96%,Patton Oswalt,Ian Holm,Brad Bird
304,Underdog,82.0,25000000.0,65300000.0,2007-08-03,4.7,37.0,16%,Jim Belushi,Peter Dinklage,Frederik Du Chau
306,The Game Plan,110.0,22000000.0,146600000.0,2007-09-23,6.1,44.0,29%,Dwayne The Rock Johnson,Madison Pettis,Andy Fickman
307,Enchanted,107.0,85000000.0,340500000.0,2007-10-20,7.0,75.0,93%,Amy Adams,Patrick Dempsey,Kevin Lima
308,National Treasure: Book of Secrets,124.0,130000000.0,459200000.0,2007-12-21,6.5,48.0,36%,Nicolas Cage,Jon Voight,Jon Turteltaub
309,Hannah Montana and Miley Cyrus: Best of Both Worlds Concert,74.0,7000000.0,70600000.0,2008-02-01,2.4,59.0,71%,Miley Cyrus,Jonas Brothers,Bruce Hendricks
310,College Road Trip,83.0,25000000.0,51500000.0,2008-03-07,4.3,36.0,12%,Martin Lawrence,Raven Symone,Roger Kumble
311,The Chronicles of Narnia: Prince Caspian,150.0,225000000.0,419700000.0,2008-05-07,6.5,62.0,66%,Georgie Henley,Skandar Keynes,Andrew Adamson
312,WALL-E,97.0,180000000.0,521300000.0,2008-06-23,8.4,95.0,95%,Ben Burtt,Elissa Knight,Andrew Stanton
313,Beverly Hills Chihuahua,91.0,20000000.0,149300000.0,2008-10-03,3.8,41.0,40%,Piper Perabo,Manolo Cardona,Raja Gosnell
316,Bolt,96.0,150000000.0,310000000.0,2008-11-21,6.8,67.0,89%,John Travolta,Miley Cyrus,Chris Williams
317,Bedtime Stories,99.0,80000000.0,212900000.0,2008-12-25,6.0,33.0,27%,Adam Sandler,Keri Russell,Adam Shankman
319,Race to Witch Mountain,98.0,50000000.0,106400000.0,2009-03-11,5.7,52.0,42%,Dwayne Johnson,AnnaSophia Robb,Andy Fickman
320,Hannah Montana: The Movie,97.0,30000000.0,169.2,2009-04-10,4.5,47.0,43%,Miley Cyrus,Emily Osment,Peter Chelsom
321,Earth,99.0,47000000.0,109000000.0,2007-10-10,8.0,72.0,86%,missing,missing,Alastair Fothergill
322,Up,96.0,175000000.0,735100000.0,2009-05-29,8.2,88.0,98%,Ed Asner,Christopher Plummer,Pete Docter
324,G-Force,90.0,150000000.0,292800000.0,2009-07-24,5.1,41.0,22%,Sam Rockwell,Tracy Morgan,Hoyt H. Yeatman Jr.
328,A Christmas Carol,96.0,175000000.0,325000000.0,2009-11-03,6.8,55.0,52%,Jim Carrey,Gary Oldman,Robert Zemeckis
329,Old Dogs,88.0,35000000.0,96800000.0,2009-11-25,5.4,19.0,5%,John Travolta,Robin Williams,Walt Becker
330,The Princess and the Frog,97.0,105000000.0,270000000.0,2009-11-25,7.1,73.0,85%,Anika Noni Rose,Bruno Campos,Ron Clements
331,Alice in Wonderland,108.0,200000000.0,1025000000.0,2010-02-25,6.4,53.0,51%,Johnny Depp,Anne Hathaway,Tim Burton
332,Oceans,104.0,80000000.0,82700000.0,2009-10-17,7.8,75.0,81%,missing,missing,Jacques Perrin
333,Prince of Persia: The Sands of Time,116.0,200000000.0,336400000.0,2010-05-09,6.6,50.0,37%,Jake Gyllenhaal,Gemma Arterton,Mike Newell
334,Toy Story 3,103.0,200000000.0,1067000000.0,2010-06-12,8.3,92.0,98%,Tom Hanks,Tim Allen,Lee Unkrich
335,The Sorcerer's Apprentice,109.0,150000000.0,215300000.0,2010-07-08,6.1,46.0,40%,Nicolas Cage,Jay Baruchel,Jon Turteltaub
338,Secretariat,123.0,35000000.0,60300000.0,2010-09-30,7.2,61.0,63%,Diane Lane,John Malkovich,Randall Wallace
340,Tangled,100.0,260000000.0,592400000.0,2010-11-14,7.7,71.0,89%,Mandy Moore,Zachary Levi,Nathan Greno
342,Tron: Legacy,125.0,170000000.0,400100000.0,2010-11-30,6.8,49.0,51%,Garrett Hedlund,Jeff Bridges,Joseph Kosinski
345,Mars Needs Moms,88.0,150000000.0,39200000.0,2011-03-11,5.4,49.0,37%,Seth Green,Dan Fogler,Simon Wells
347,African Cats,89.0,5000000.0,30900000.0,2011-04-22,7.6,61.0,73%,missing,missing,Alastair Fothergill
348,Prom,104.0,8000000.0,10700000.0,2011-04-29,5.4,50.0,36%,Aimee Teegarden,Thomas McDonell,Joe Nussbaum
349,Pirates of the Caribbean: On Stranger Tides,137.0,410600000.0,1046000000.0,2011-05-07,6.6,45.0,33%,Johnny Depp,Penélope Cruz,Rob Marshall
350,Cars 2,106.0,200000000.0,562100000.0,2011-06-18,6.1,57.0,39%,Owen Wilson,Larry the Cable Guy,John Lasseter
351,Winnie the Pooh,69.0,30000000.0,50100000.0,2011-04-06,7.2,74.0,91%,Jim Cummings,Jack Boulter,Stephen Anderson
352,The Muppets,103.0,45000000.0,165200000.0,2011-11-04,7.1,75.0,95%,Jason Segel,Amy Adams,James Bobin
353,Arrietty,95.0,23000000.0,146000000.0,2010-07-17,7.6,80.0,95%,Mirai Shida,Ryunosuke Kamiki,Hiromasa Yonebayashi
354,John Carter,132.0,306600000.0,284100000.0,2012-02-22,6.6,51.0,52%,Taylor Kitsch,Lynn Collins,Andrew Stanton
355,Chimpanzee,77.0,5000000.0,34800000.0,2012-04-20,7.2,57.0,76%,missing,missing,Alastair Fothergill
357,Brave,93.0,185000000.0,540400000.0,2012-06-10,7.1,69.0,78%,Kelly Macdonald,Emma Thompson,Mark Andrews
358,The Odd Life of Timothy Green,104.0,25000000.0,56000000.0,2012-08-15,6.6,47.0,36%,Jennifer Garner,Joel Edgerton,Peter Hedges
359,Frankenweenie,87.0,39000000.0,81500000.0,2012-09-20,6.9,74.0,87%,Catherine OHara,Martin Short,Tim Burton
360,Wreck-It Ralph,101.0,165000000.0,471200000.0,2012-10-29,7.7,72.0,87%,John C. Reilly,Sarah Silverman,Rich Moore
361,Oz the Great and Powerful,130.0,200.0,493300000.0,2013-02-14,6.3,44.0,57%,James Franco,Mila Kunis,Sam Raimi
363,Monsters University,104.0,200000000.0,743600000.0,2013-06-05,7.3,65.0,80%,Billy Crystal,John Goodman,Dan Scanlon
364,The Lone Ranger,149.0,225.0,260500000.0,2013-06-22,6.4,37.0,30%,Johnny Depp,Armie Hammer,Gore Verbinski
365,Planes,92.0,50000000.0,239300000.0,2013-08-02,5.7,39.0,25%,Dane Cook,Stacy Keach,Klay Hall
366,Frozen,102.0,150000000.0,1280000000.0,2013-11-19,7.4,75.0,90%,Kristen Bell,Idina Menzel,Chris Buck
367,Saving Mr. Banks,125.0,35000000.0,117900000.0,2013-10-20,7.5,65.0,79%,Emma Thompson,Tom Hanks,John Lee Hancock
368,Muppets Most Wanted,107.0,51000000.0,80400000.0,2014-03-11,6.4,61.0,80%,Ricky Gervais,Ty Burrell,James Bobin
369,Bears,77.0,5000000.0,21300000.0,2014-04-18,7.4,68.0,90%,missing,missing,Alastair Fothergill
370,Million Dollar Arm,124.0,25000000.0,39200000.0,2014-05-06,7.0,56.0,65%,Jon Hamm,Aasif Mandvi,Craig Gillespie
371,Maleficent,97.0,180.0,758500000.0,2014-05-28,7.0,56.0,54%,Angelina Jolie,Sharlto Copley,Robert Stromberg
372,Planes: Fire & Rescue,84.0,50000000.0,147000000.0,2014-07-15,6.0,48.0,45%,Dane Cook,Stacy Keach,Bobs Gannaway
374,"Alexander and the Terrible, Horrible, No Good, Very Bad Day",81.0,28000000.0,100700000.0,2014-10-06,6.2,54.0,61%,Steve Carell,Jennifer Garner,Miguel Arteta
375,Big Hero 6,102.0,165000000.0,657800000.0,2014-10-23,7.8,74.0,89%,Scott Adsit,Ryan Potter,Don Hall
376,Into the Woods,124.0,50000000.0,213100000.0,2014-12-08,5.9,69.0,71%,Meryl Streep,Emily Blunt,Rob Marshall
377,"McFarland, USA",129.0,25000000.0,45700000.0,2015-02-09,7.4,60.0,81%,Kevin Costner,Maria Bello,Niki Caro
378,Cinderella,106.0,95.0,542400000.0,2015-02-13,6.9,67.0,83%,Cate Blanchett,Lily James,Kenneth Branagh
379,Monkey Kingdom,82.0,5.0,17100000.0,2015-04-17,7.3,72.0,93%,missing,missing,Mark Linfield
380,Tomorrowland,130.0,180.0,209000000.0,2015-05-09,6.4,60.0,50%,George Clooney,Hugh Laurie,Brad Bird
381,Inside Out,94.0,175000000.0,858000000.0,2015-05-18,8.1,94.0,98%,Amy Poehler,Phyllis Smith,Pete Docter
383,The Good Dinosaur,94.0,175000000.0,332200000.0,2015-11-10,6.7,66.0,76%,Raymond Ochoa,Jack Bright,Peter Sohn
384,The Finest Hours,117.0,70.0,52100000.0,2016-01-25,6.8,58.0,63%,Chris Pine,Casey Affleck,Craig Gillespie
385,Zootopia,108.0,150000000.0,1024000000.0,2016-02-13,8.0,78.0,98%,Ginnifer Goodwin,Jason Bateman,Byron Howard
386,The Jungle Book,106.0,175.0,966600000.0,2016-04-04,7.4,77.0,94%,Bill Murray,Ben Kingsley,Jon Favreau
388,Alice Through the Looking Glass,114.0,170000000.0,299500000.0,2016-05-10,6.2,34.0,29%,Johnny Depp,Anne Hathaway,James Bobin
389,Finding Dory,97.0,175.0,1029000000.0,2016-06-08,7.3,77.0,94%,Ellen DeGeneres,Albert Brooks,Andrew Stanton
390,The BFG,117.0,140000000.0,195200000.0,2016-05-14,6.4,66.0,74%,Mark Rylance,Ruby Barnhill,Steven Spielberg
391,Pete's Dragon,103.0,65000000.0,143700000.0,2016-08-08,6.7,71.0,88%,Bryce Dallas Howard,Oakes Fegley,David Lowery
392,Queen of Katwe,124.0,15000000.0,10400000.0,2016-09-10,7.4,73.0,94%,David Oyelowo,Lupita Nyongo,Mira Nair
393,Moana,107.0,150.0,690800000.0,2016-11-14,7.6,81.0,95%,Auliʻi Cravalho,Dwayne Johnson,Ron Clements
395,March of the Penguins,80.0,8000000.0,127400000.0,2005-01-26,7.5,79.0,94%,missing,missing,Luc Jacquet
396,Beauty and the Beast,129.0,160.0,1264000000.0,2017-02-23,8.0,95.0,94%,Emma Watson,Dan Stevens,Bill Condon
397,Born in China,76.0,5.0,25100000.0,2016-08-12,7.2,57.0,85%,missing,missing,Lu Chuan
398,Pirates of the Caribbean: Dead Men Tell No Tales,129.0,230.0,794900000.0,2017-05-11,6.5,39.0,29%,Johnny Depp,Javier Bardem,Joachim Rønning
399,Cars 3,102.0,175000000.0,383900000.0,2017-05-23,6.7,59.0,69%,Owen Wilson,Cristela Alonzo,Brian Fee
402,Coco,105.0,175000000.0,807800000.0,2017-10-20,8.4,81.0,97%,Anthony Gonzalez,Gael García Bernal,Lee Unkrich
403,A Wrinkle in Time,109.0,100.0,133400000.0,2018-02-26,4.2,53.0,42%,Oprah Winfrey,Reese Witherspoon,Ava DuVernay
404,Incredibles 2,118.0,200000000.0,1243000000.0,2018-06-05,7.6,80.0,93%,Craig T. Nelson,Holly Hunter,Brad Bird
406,The Nutcracker and the Four Realms,99.0,120.0,174000000.0,2018-10-29,5.5,39.0,32%,Keira Knightley,Mackenzie Foy,Lasse Hallström
407,Ralph Breaks the Internet,112.0,175000000.0,529300000.0,2018-11-05,7.1,71.0,88%,John C. Reilly,Sarah Silverman,Rich Moore
408,Mary Poppins Returns,131.0,130000000.0,349500000.0,2018-11-29,6.7,66.0,79%,Emily Blunt,Lin-Manuel Miranda,Rob Marshall
409,Dumbo,112.0,170000000.0,353300000.0,2019-03-11,7.2,96.0,98%,Colin Farrell,Michael Keaton,Tim Burton
412,Toy Story 4,100.0,200000000.0,1073000000.0,2019-06-11,7.8,84.0,97%,Tom Hanks,Tim Allen,Josh Cooley
413,The Lion King,118.0,250.0,1657000000.0,2019-07-09,8.5,88.0,93%,Donald Glover,Seth Rogen,Jon Favreau
414,Maleficent: Mistress of Evil,119.0,185000000.0,492700000.0,2019-10-18,6.6,43.0,39%,Angelina Jolie,Elle Fanning,Joachim Rønning
417,Frozen II,103.0,150000000.0,1450000000.0,2019-11-07,6.9,64.0,77%,Kristen Bell,Idina Menzel,Chris Buck
420,Onward,102.0,175.0,141900000.0,2020-02-21,7.4,61.0,88%,Tom Holland,Chris Pratt,Dan Scanlon
429,Mulan,115.0,200000000.0,70000000.0,2020-03-09,7.6,71.0,86%,Yifei Liu,Donnie Yen,Niki Caro
443,Night at the Museum,306.0,387000000.0,1310000000.0,missing,6.4,48.0,43%,Ben Stiller,Robin Williams,Shawn Levy
